{
  "id": "SecondPlaythrou", # For the convenience of troubleshooters, include your name and the mod name, not just an acronym.
  "name": "Second Playthrou", # Displayed to the player
  "author": "mllhild",
  "utility": false,
  "version": { "major": '0', "minor": '1', "patch": '0' },
  "description": "Focused on enhancing the replayability of Starsector and replay QoL.",
  "gameVersion": "0.97a-RC6",
  "jars": [ "jars/SecondPlaythrou.jar" ],
  "modPlugin": "mllhild.spm.SecondPlaythrouModPlugin",
  "dependencies": [
    {
        "id": "lunalib",
        "name": "LunaLib"
    },
    {
        "id": "lw_lazylib",
        "name": "LazyLib"
    },
    {
        "id": "MagicLib",
        "name": "MagicLib"
    }
  ]
}
