{
  "spm_aoi_bg":{
    "defaultName":"", # used if name=null in addCustomEntity()
    "defaultRadius":0, # used if radius<0 in addCustomEntity()
    "showInCampaign":true,
    "showIconOnMap":false,
    "scaleIconWithZoom":true,
    "tags":[],
    "layers":[TERRAIN_5], # what layer(s) to render in. See CampaignEngineLayers.java for possible values,
    #,TERRAIN_1,  TERRAIN_2,  PLANETS,  TERRAIN_3,  RINGS,  TERRAIN_4,  ASTEROIDS,  TERRAIN_5,
    # JUMP_POINTS,  TERRAIN_6,  TERRAIN_6A,  TERRAIN_6B,  BELOW_STATIONS,  STATIONS,
    # ABOVE_STATIONS,  TERRAIN_7,  removed JUMP_POINTS,  TERRAIN_7A,  TERRAIN_SLIPSTREAM,
    # FLEETS,  TERRAIN_8,  TERRAIN_9,  TERRAIN_10,  ABOVE,
    # hyperspace base seems to be T5, with the below layers used for paralax and system rendering
    "pluginClass":"mllhild.spm.util.UAF.deephyper.terrain.spm_uaf_terrain_aoi_bg",
  },
  "spm_aoi_cloud_back":{
    "defaultName":"", # used if name=null in addCustomEntity()
    "defaultRadius":0, # used if radius<0 in addCustomEntity()
    "showInCampaign":true,
    "showIconOnMap":false,
    "scaleIconWithZoom":true,
    "tags":[],
    "layers":[TERRAIN_5], # what layer(s) to render in. See CampaignEngineLayers.java for possible values,
    #,TERRAIN_1,  TERRAIN_2,  PLANETS,  TERRAIN_3,  RINGS,  TERRAIN_4,  ASTEROIDS,  TERRAIN_5,
    # JUMP_POINTS,  TERRAIN_6,  TERRAIN_6A,  TERRAIN_6B,  BELOW_STATIONS,  STATIONS,
    # ABOVE_STATIONS,  TERRAIN_7,  removed JUMP_POINTS,  TERRAIN_7A,  TERRAIN_SLIPSTREAM,
    # FLEETS,  TERRAIN_8,  TERRAIN_9,  TERRAIN_10,  ABOVE,
    # hyperspace base seems to be T5, with the below layers used for paralax and system rendering
    "pluginClass":"mllhild.spm.util.UAF.deephyper.terrain.spm_uaf_terrain_aoi_cloud_back",
  },
  "spm_aoi_cloud_front":{
    "defaultName":"", # used if name=null in addCustomEntity()
    "defaultRadius":0, # used if radius<0 in addCustomEntity()
    "showInCampaign":true,
    "showIconOnMap":false,
    "scaleIconWithZoom":true,
    "tags":[],
    "layers":[TERRAIN_6], # what layer(s) to render in. See CampaignEngineLayers.java for possible values,
    #,TERRAIN_1,  TERRAIN_2,  PLANETS,  TERRAIN_3,  RINGS,  TERRAIN_4,  ASTEROIDS,  TERRAIN_5,
    # JUMP_POINTS,  TERRAIN_6,  TERRAIN_6A,  TERRAIN_6B,  BELOW_STATIONS,  STATIONS,
    # ABOVE_STATIONS,  TERRAIN_7,  removed JUMP_POINTS,  TERRAIN_7A,  TERRAIN_SLIPSTREAM,
    # FLEETS,  TERRAIN_8,  TERRAIN_9,  TERRAIN_10,  ABOVE,
    # hyperspace base seems to be T5, with the below layers used for paralax and system rendering
    "pluginClass":"mllhild.spm.util.UAF.deephyper.terrain.spm_uaf_terrain_aoi_cloud_front",
  },



  "spm_caeli_bg":{
    "defaultName":"", # used if name=null in addCustomEntity()
    "defaultRadius":0, # used if radius<0 in addCustomEntity()
    "showInCampaign":true,
    "showIconOnMap":false,
    "scaleIconWithZoom":true,
    "tags":[],
    "layers":[TERRAIN_5], # what layer(s) to render in. See CampaignEngineLayers.java for possible values,
    #,TERRAIN_1,  TERRAIN_2,  PLANETS,  TERRAIN_3,  RINGS,  TERRAIN_4,  ASTEROIDS,  TERRAIN_5,
    # JUMP_POINTS,  TERRAIN_6,  TERRAIN_6A,  TERRAIN_6B,  BELOW_STATIONS,  STATIONS,
    # ABOVE_STATIONS,  TERRAIN_7,  removed JUMP_POINTS,  TERRAIN_7A,  TERRAIN_SLIPSTREAM,
    # FLEETS,  TERRAIN_8,  TERRAIN_9,  TERRAIN_10,  ABOVE,
    # hyperspace base seems to be T5, with the below layers used for paralax and system rendering
    "pluginClass":"mllhild.spm.util.UAF.deephyper.terrain.spm_uaf_terrain_caeli_bg",
  },
  "spm_caeli_cloud_back":{
    "defaultName":"", # used if name=null in addCustomEntity()
    "defaultRadius":0, # used if radius<0 in addCustomEntity()
    "showInCampaign":true,
    "showIconOnMap":false,
    "scaleIconWithZoom":true,
    "tags":[],
    "layers":[TERRAIN_5], # what layer(s) to render in. See CampaignEngineLayers.java for possible values,
    #,TERRAIN_1,  TERRAIN_2,  PLANETS,  TERRAIN_3,  RINGS,  TERRAIN_4,  ASTEROIDS,  TERRAIN_5,
    # JUMP_POINTS,  TERRAIN_6,  TERRAIN_6A,  TERRAIN_6B,  BELOW_STATIONS,  STATIONS,
    # ABOVE_STATIONS,  TERRAIN_7,  removed JUMP_POINTS,  TERRAIN_7A,  TERRAIN_SLIPSTREAM,
    # FLEETS,  TERRAIN_8,  TERRAIN_9,  TERRAIN_10,  ABOVE,
    # hyperspace base seems to be T5, with the below layers used for paralax and system rendering
    "pluginClass":"mllhild.spm.util.UAF.deephyper.terrain.spm_uaf_terrain_caeli_cloud_back",
  },
  "spm_caeli_cloud_front":{
    "defaultName":"", # used if name=null in addCustomEntity()
    "defaultRadius":0, # used if radius<0 in addCustomEntity()
    "showInCampaign":true,
    "showIconOnMap":false,
    "scaleIconWithZoom":true,
    "tags":[],
    "layers":[TERRAIN_6], # what layer(s) to render in. See CampaignEngineLayers.java for possible values,
    #,TERRAIN_1,  TERRAIN_2,  PLANETS,  TERRAIN_3,  RINGS,  TERRAIN_4,  ASTEROIDS,  TERRAIN_5,
    # JUMP_POINTS,  TERRAIN_6,  TERRAIN_6A,  TERRAIN_6B,  BELOW_STATIONS,  STATIONS,
    # ABOVE_STATIONS,  TERRAIN_7,  removed JUMP_POINTS,  TERRAIN_7A,  TERRAIN_SLIPSTREAM,
    # FLEETS,  TERRAIN_8,  TERRAIN_9,  TERRAIN_10,  ABOVE,
    # hyperspace base seems to be T5, with the below layers used for paralax and system rendering
    "pluginClass":"mllhild.spm.util.UAF.deephyper.terrain.spm_uaf_terrain_caeli_cloud_front",
  },


  "spm_stjarna_bg":{
    "defaultName":"", # used if name=null in addCustomEntity()
    "defaultRadius":0, # used if radius<0 in addCustomEntity()
    "showInCampaign":true,
    "showIconOnMap":false,
    "scaleIconWithZoom":true,
    "tags":[],
    "layers":[TERRAIN_5], # what layer(s) to render in. See CampaignEngineLayers.java for possible values,
    #,TERRAIN_1,  TERRAIN_2,  PLANETS,  TERRAIN_3,  RINGS,  TERRAIN_4,  ASTEROIDS,  TERRAIN_5,
    # JUMP_POINTS,  TERRAIN_6,  TERRAIN_6A,  TERRAIN_6B,  BELOW_STATIONS,  STATIONS,
    # ABOVE_STATIONS,  TERRAIN_7,  removed JUMP_POINTS,  TERRAIN_7A,  TERRAIN_SLIPSTREAM,
    # FLEETS,  TERRAIN_8,  TERRAIN_9,  TERRAIN_10,  ABOVE,
    # hyperspace base seems to be T5, with the below layers used for paralax and system rendering
    "pluginClass":"mllhild.spm.util.UAF.deephyper.terrain.spm_uaf_terrain_stjarna_bg",
  },
  "spm_stjarna_cloud_back":{
    "defaultName":"", # used if name=null in addCustomEntity()
    "defaultRadius":0, # used if radius<0 in addCustomEntity()
    "showInCampaign":true,
    "showIconOnMap":false,
    "scaleIconWithZoom":true,
    "tags":[],
    "layers":[TERRAIN_5], # what layer(s) to render in. See CampaignEngineLayers.java for possible values,
    #,TERRAIN_1,  TERRAIN_2,  PLANETS,  TERRAIN_3,  RINGS,  TERRAIN_4,  ASTEROIDS,  TERRAIN_5,
    # JUMP_POINTS,  TERRAIN_6,  TERRAIN_6A,  TERRAIN_6B,  BELOW_STATIONS,  STATIONS,
    # ABOVE_STATIONS,  TERRAIN_7,  removed JUMP_POINTS,  TERRAIN_7A,  TERRAIN_SLIPSTREAM,
    # FLEETS,  TERRAIN_8,  TERRAIN_9,  TERRAIN_10,  ABOVE,
    # hyperspace base seems to be T5, with the below layers used for paralax and system rendering
    "pluginClass":"mllhild.spm.util.UAF.deephyper.terrain.spm_uaf_terrain_stjarna_cloud_back",
  },
  "spm_stjarna_cloud_front":{
    "defaultName":"", # used if name=null in addCustomEntity()
    "defaultRadius":0, # used if radius<0 in addCustomEntity()
    "showInCampaign":true,
    "showIconOnMap":false,
    "scaleIconWithZoom":true,
    "tags":[],
    "layers":[TERRAIN_6], # what layer(s) to render in. See CampaignEngineLayers.java for possible values,
    #,TERRAIN_1,  TERRAIN_2,  PLANETS,  TERRAIN_3,  RINGS,  TERRAIN_4,  ASTEROIDS,  TERRAIN_5,
    # JUMP_POINTS,  TERRAIN_6,  TERRAIN_6A,  TERRAIN_6B,  BELOW_STATIONS,  STATIONS,
    # ABOVE_STATIONS,  TERRAIN_7,  removed JUMP_POINTS,  TERRAIN_7A,  TERRAIN_SLIPSTREAM,
    # FLEETS,  TERRAIN_8,  TERRAIN_9,  TERRAIN_10,  ABOVE,
    # hyperspace base seems to be T5, with the below layers used for paralax and system rendering
    "pluginClass":"mllhild.spm.util.UAF.deephyper.terrain.spm_uaf_terrain_stjarna_cloud_front",
  },




  "spm_ps_bg":{
    "defaultName":"", # used if name=null in addCustomEntity()
    "defaultRadius":0, # used if radius<0 in addCustomEntity()
    "showInCampaign":true,
    "showIconOnMap":false,
    "scaleIconWithZoom":true,
    "tags":[],
    "layers":[TERRAIN_5], # what layer(s) to render in. See CampaignEngineLayers.java for possible values,
    #,TERRAIN_1,  TERRAIN_2,  PLANETS,  TERRAIN_3,  RINGS,  TERRAIN_4,  ASTEROIDS,  TERRAIN_5,
    # JUMP_POINTS,  TERRAIN_6,  TERRAIN_6A,  TERRAIN_6B,  BELOW_STATIONS,  STATIONS,
    # ABOVE_STATIONS,  TERRAIN_7,  removed JUMP_POINTS,  TERRAIN_7A,  TERRAIN_SLIPSTREAM,
    # FLEETS,  TERRAIN_8,  TERRAIN_9,  TERRAIN_10,  ABOVE,
    # hyperspace base seems to be T5, with the below layers used for paralax and system rendering
    "pluginClass":"mllhild.spm.util.UAF.deephyper.terrain.spm_uaf_terrain_ps_bg",
  },
  "spm_ps_cloud_back":{
    "defaultName":"", # used if name=null in addCustomEntity()
    "defaultRadius":0, # used if radius<0 in addCustomEntity()
    "showInCampaign":true,
    "showIconOnMap":false,
    "scaleIconWithZoom":true,
    "tags":[],
    "layers":[TERRAIN_5], # what layer(s) to render in. See CampaignEngineLayers.java for possible values,
    #,TERRAIN_1,  TERRAIN_2,  PLANETS,  TERRAIN_3,  RINGS,  TERRAIN_4,  ASTEROIDS,  TERRAIN_5,
    # JUMP_POINTS,  TERRAIN_6,  TERRAIN_6A,  TERRAIN_6B,  BELOW_STATIONS,  STATIONS,
    # ABOVE_STATIONS,  TERRAIN_7,  removed JUMP_POINTS,  TERRAIN_7A,  TERRAIN_SLIPSTREAM,
    # FLEETS,  TERRAIN_8,  TERRAIN_9,  TERRAIN_10,  ABOVE,
    # hyperspace base seems to be T5, with the below layers used for paralax and system rendering
    "pluginClass":"mllhild.spm.util.UAF.deephyper.terrain.spm_uaf_terrain_ps_cloud_back",
  },
  "spm_ps_cloud_front":{
    "defaultName":"", # used if name=null in addCustomEntity()
    "defaultRadius":0, # used if radius<0 in addCustomEntity()
    "showInCampaign":true,
    "showIconOnMap":false,
    "scaleIconWithZoom":true,
    "tags":[],
    "layers":[TERRAIN_6], # what layer(s) to render in. See CampaignEngineLayers.java for possible values,
    #,TERRAIN_1,  TERRAIN_2,  PLANETS,  TERRAIN_3,  RINGS,  TERRAIN_4,  ASTEROIDS,  TERRAIN_5,
    # JUMP_POINTS,  TERRAIN_6,  TERRAIN_6A,  TERRAIN_6B,  BELOW_STATIONS,  STATIONS,
    # ABOVE_STATIONS,  TERRAIN_7,  removed JUMP_POINTS,  TERRAIN_7A,  TERRAIN_SLIPSTREAM,
    # FLEETS,  TERRAIN_8,  TERRAIN_9,  TERRAIN_10,  ABOVE,
    # hyperspace base seems to be T5, with the below layers used for paralax and system rendering
    "pluginClass":"mllhild.spm.util.UAF.deephyper.terrain.spm_uaf_terrain_ps_cloud_front",
  },




  "spm_uaf_joiner":{
    "defaultName":"", # used if name=null in addCustomEntity()
    "defaultRadius":0, # used if radius<0 in addCustomEntity()
    "showInCampaign":true,
    "showIconOnMap":false,
    "scaleIconWithZoom":true,
    "tags":[],
    "layers":[TERRAIN_5], # what layer(s) to render in. See CampaignEngineLayers.java for possible values,
    #,TERRAIN_1,  TERRAIN_2,  PLANETS,  TERRAIN_3,  RINGS,  TERRAIN_4,  ASTEROIDS,  TERRAIN_5,
    # JUMP_POINTS,  TERRAIN_6,  TERRAIN_6A,  TERRAIN_6B,  BELOW_STATIONS,  STATIONS,
    # ABOVE_STATIONS,  TERRAIN_7,  removed JUMP_POINTS,  TERRAIN_7A,  TERRAIN_SLIPSTREAM,
    # FLEETS,  TERRAIN_8,  TERRAIN_9,  TERRAIN_10,  ABOVE,
    # hyperspace base seems to be T5, with the below layers used for paralax and system rendering
    "pluginClass":"mllhild.spm.util.UAF.deephyper.terrain.spm_uaf_terrain_joiner",
  },
}



