fieldID,fieldName,fieldType,defaultValue,secondaryValue,fieldDescription,minValue,maxValue,tab
,,,,,,,,
luna_exampleHeader,Example Header,Header,Settings,,,,,Sector Settings
# Permanent War Settings,,,,,,,,
warmode,Warmode,Radio,normal,"normal, All Mod factions hate you, All Vanilla factions hate you, All factions hate you, Total War, Two sided War, Third AI War","Will force the relationship to stay Vengeful, no matter what you do.
Total War = everyone hates everyone
Two sided War = the lists below hate each other
Third AI War = Hegemony vs TriTachyon + Remnants",,,War
groupAxis,Side 1,String,,,"Look up faction ID's in the Mods/SecondPlaythrou/FactionIDsHelp.txt",,,War
groupAllies,Side 2,String,,,"Player Faction ID is player, no matter what name you give it later",,,War
warexchastion,War Exhaustion,Boolean,FALSE,,If Nexrelin War Exchaustion should be enabled,,,War
hatedBy_pirates,hatedBy_pirates,Boolean,FALSE,,Pirates Hate You,,,War
hatedBy_perseanLeague,hatedBy_perseanLeague,Boolean,FALSE,,Persean League Hates You,,,War
hatedBy_hegemony,hatedBy_hegemony,Boolean,FALSE,,Hegemony Hates You,,,War
hatedBy_ludicPath,hatedBy_ludicPath,Boolean,FALSE,,Ludic Path Hate You,,,War
hatedBy_ludicChurch,hatedBy_ludicChurch,Boolean,FALSE,,Ludic Church Hate You,,,War
hatedBy_tritachyon,hatedBy_tritachyon,Boolean,FALSE,,TriTachyon Hate You,,,War
hatedBy_remnants,hatedBy_remnants,Boolean,FALSE,,Remnant Hate You,,,War
hatedBy_indipendant,hatedBy_indipendant,Boolean,FALSE,,Independant Hate You,,,War
hatedBy_syndrianDiktat,hatedBy_syndrianDiktat,Boolean,FALSE,,Syndrian Diktat Hate You,,,War
hatePlayer,Comma separated faction ids that hate you,String,,,"Player Faction ID is player, no matter what name you give it later",,,War
,,,,,,,,
,,,,,,,,
# Player Renown ,,,,,,,,
player_renown,Player Renown,Boolean,TRUE,,Autoresolve buff. True FP calculated by larges your FP / Enemy FP ratio in the last Cycle,,,Misc
,,,,,,,,
# Free Storage locations ,,,,,,,,
freeStorageLocations,Remove free storage in abandoned stations,Boolean,TRUE,,Removes/Limits the storage from the abandoned stations,,,Misc
,,,,,,,,
# Colony Crisis,,,,,,,,
#colony_crisis_speedFactor,Colony Crisis build up speed,Double,1,,Factor multiplying your Colony Crisis Meter gains,0,50,Misc
,,,,,,,,
# Sector Decay,,,,,,,,
#sectorDoesDecay,Enable economic decay,Boolean,false,,Enable sector economy decay over time.,,,Misc
#sectorDecaySpeed,Decay Speed,Int,50,,Speed at which the sectors economies decay.,0,100,Misc
,,,,,,,,
# Own Faction Start,,,,,,,,
#customStart_ownFaction,Own Faction Start,Radio,disabled,"disabled,
#Games Journalist,
#Easy Core,
#Easy Rim,
#Medium Core,
#Medium Rim,
#Hard Core,
#Hard Rim","Default start
#Game journalist: your own system, close to the core, perfect planets, gate, all stable points point with domain era tech
#Easy Core: your own system, close to the core, nice planets, gate, 3 stable points
#Easy Rim: your own system, far from the core, nice planets, gate, 3 stable points
#Medium Core: your own system, close to the core, ok planets, 3 stable points
#Medium Rim: your own system, far from the core, ok planets, 3 stable points
#Hard Core: system with faction that hates you, bad planet, on lost planet you get 1 year to reconquer or you get game over
#Hard Rim: system with remnant nexus, remnants hate you, on lost planet you get 1 year to reconquer or you get game over",,,Custom Starts
#customStart_ownFaction_colonySize,Initial Colony Size,Radio,4,"3 3,
#4,
#5,
#6",Set so that your colony crisis meter always starts right away :),,,Custom Starts
,,,,,,,,
#customStart_CorruptedAI,Corrupted AI start,,,,"You can pilot ai ships
#You get automated ship points per player level
#All ships with crew requirements above 0 have a max cr of 10 and peak combat time of 10 seconds.
#Remnants fear you as defective and hunt you.",,,Custom Starts
,,,,,,,,
# Exploration,,,,,,,,
preliminarysurveyStart,Prelimary Surveyed Planet,Double,0,,"Fraction of Planets (excluding Core) that you have Preliminary surveydata for.",0,100,Custom Starts
surveyStart,Surveyed Planets,Double,0,,"Fraction of Planets (excluding Core) that you have Surveydata for.",0,100,Custom Starts
surveyStartGetData,Get surveyed Planets Data,Boolean,FALSE,,"Adds survey data to player (mainly for UAF confectionary coins). Around 10.000.0000 credits in money terms.",,,Custom Starts
gate,Gates,Radio,none,"none,
Core known and scanned,
All known,
All known and scanned","What gates are known or activated. (Does not skip Academy Storyline)",,,Custom Starts
canScanGates,Player can scan Gates,Boolean,TRUE,,"Enables the player to scan gates. If set to -false- you will need to do the Academy Storyline before being able to activate any further gates",,,Custom Starts
cryosleepersKnown,Cryosleeper locations known,Boolean,FALSE,,"Salvage list contains locations of all Cryosleepers, that exist at game start",,,Custom Starts
hypershuntKnown,Hypershunt locations known,Boolean,FALSE,,"Salvage list contains locations of all Hypershunts,that exist at game start",,,Custom Starts
stationsKnown,Research/Mining/Orbital/... Stations location known,Boolean,FALSE,,"Salvage list contains locations of all salvagable objects with -Station- or -Habitat- in their name, that exist at game start",,,Custom Starts
mothershipKnown,Derelict Mothership locations known,Boolean,FALSE,,"Salvage list contains locations of all Derelict Motherships, that exist at game start",,,Custom Starts
surveyShipKnown,Derelict Surveyship locations known,Boolean,FALSE,,"Salvage list contains locations of all Derelict Surveyships, that exist at game start",,,Custom Starts
#surveyProbesKnown,Stations locations known,Boolean,FALSE,,"Are the Megastructure Locations known? (Hypershunt, Cryosleeper)",,,Custom Starts
cratesKnown,Weapon/Equipment/Supply Cache locations known,Boolean,FALSE,,"Salvage list contains locations of all salvagable objects with -Cache- in their name, that exist at game start",,,Custom Starts
#salvagableShips,Salvageable Ships locations known,Boolean,FALSE,,"Are the Megastructure Locations known? (Hypershunt, Cryosleeper)",,,Custom Starts
#academyStory,Skip Academy Storyline,Boolean,TRUE,,Skips academy storyline,,,Custom Starts
,,,,,,,,
,,,,,,,,
,,,,,,,,
# Notifications,,,,,,,,
#notification_survey,Disable survey notifications,Boolean,FALSE,,,,,Notifications
#notification_derelictProbe,disable scan probe notifications,Boolean,FALSE,,,,,Notifications
#notification_derelictSurveyShip,disable scan ship notifications,Boolean,FALSE,,,,,Notifications
#notification_traderAndSmuggler,disable trader / smuggler notifications,Boolean,FALSE,,,,,Notifications
#notification_relationshipChange,disable relationship change notifications,Boolean,FALSE,,,,,Notifications
#notification_invasion,disable invasion notifications,Boolean,FALSE,,"disable invasion notifications, that arent against your colonies",,,Notifications
#notification_nonPlayerRelated,Disable non player related notifications,Boolean,FALSE,,disables anything not directed at the player or player faction,,,Notifications
,,,,,,,,
,,,,,,,,
,,,,,,,,
# Random Sector,,,,,,,,
,,,,,,,,
randomAllSystempositions,Randomise ALL system Positions,Boolean,FALSE,,Randomizes position of all systems in sector (Ignores Core and Rim differentiation),,,Sector Settings
moveAllInhabitedSystemsToCore,Move all inhabited systems to the core,Boolean,FALSE,,"Moves all systems outside of the -New Core outer radius- into it.",,,Sector Settings
# Core,,,,,,,,
# Core Systems,,,,,,,,
random_coreSystems,Randomize Core System Positions,Boolean,FALSE,,"Randomize the position of all systems in the -New Core outer radius-.",,,Sector Settings
random_coreSystem_Blacklist,Blacklist Core,String,,,Comma separated list of system base names to not be moved. On new game the mod lists all system base names in the log file..,,,Sector Settings
# Core Planets,,,,,,,,
#random_corePlanetEmpty,Randomize Uninhabited Core planets,Boolean,FALSE,,Randomize uninhabited planets in Core systems (blacklist of ignored planets),,,Sector Settings
#random_corePlanetEmpty_Blacklist,Blacklist,String,,,Blacklist for condition above,,,Sector Settings
#random_corePlanetInhabited,Randomize Inhabited Core planets,Boolean,FALSE,,Randomize inhabited planets in Core systems (blacklist of ignored planets),,,Sector Settings
#random_corePlanetInhabited_Blacklist,Blacklist,String,,,Blacklist for condition above,,,Sector Settings
# Rim,,,,,,,,
# Rim Systems,,,,,,,,
random_rimSystemInhabited,Randomize Inhabited Rim System Positions,Boolean,FALSE,,"Randomize the position of all systems outside the -New Core outer radius-.",,,Sector Settings
random_rimSystem_Blacklist,Blacklist Rim,String,,,Comma separated list of system base names to not be moved. On new game the mod lists all system base names in the log file.,,,Sector Settings
# Rim Planets,,,,,,,,
#random_rimPlanetEmpty,Randomize Uninhabited Rim planets,Boolean,FALSE,,Randomize uninhabited planets in non-core inhabited systems (Aka: adds/removes empty planets in mod faction systems),,,Sector Settings
#random_rimPlanetEmpty_Blacklist,Blacklist,String,,,Blacklist for condition above,,,Sector Settings
#random_rimPlanetInhabited,Randomize Inhabited Rim planets,Boolean,FALSE,,Randomize inhabited planets in non-core systems (blacklist of ignored planets),,,Sector Settings
#random_rimPlanetInhabited_Blacklist,Blacklist,String,,,Blacklist for condition above,,,Sector Settings
,,,,,,,,
# Additional Factors,,,,,,,,
randomCore_accessBonus,Access Bonus,Boolean,FALSE,,Adds Accessibility Bonus to all planets in function of their distance to the core to prevent collapse due to randomization,,,Sector Settings
randomCore_outerCoreLimit,New Core outer radius,Int,16000,,"Outer circumference of the core, where all the core system are positioned",0,50000,Sector Settings
randomCore_innerCoreLimit,New Core inner radius,Int,300,,"Inner circumference of the core (it becomes a donut).",0,20000,Sector Settings
,,,,,,,,
randomCore_minDistanceInhabited,Min Inter System Distance Inhabited,Int,1500,,"Minimum Distance between Inhabited Systems.(Should be above 1200 at least)" ,500,20000,Sector Settings
randomCore_minDistanceUninhabited,Min Inter System Distance Uninhabited,Int,1500,,"Minimum Distance between Uninhabited Systems(Should be above 1200 at least)" ,500,20000,Sector Settings
,,,,,,,,
,,,,,,,,
,,,,,,,,
# UAF,,,,,,,,
#,,,,,"the UAF is a corrupt drug empire hiding in plain sight. Both its official drug exports and its drug laced food products
#all officials are addicted and leaders provide favors to corrupt spaces in exchange for ample drugged food supplies to their subordinates
#particularly dangerous is their Icecream from Favonious, causing the addicted to act mindlessly uppon the mear sight of it and doing almost anything To obtain it as quickly as possible. The peace is only kept with the treat of cutting any violently behaving person off the supply of the drug enchanced dessert
#",,,UAF
#uaf_whoHatesUAF,who hates the UAF,Radio,normal,"normal,
#Lore accurate,
#Everyone","Normal = normal
#Lore accurate = (depending on drug and AI policy of the faction)
#Everyone = everyone",,,UAF
#uaf_taxevasion,Are the pirate worlds a tax heaven?,Boolean,TRUE,,"Pirate planets in the UAF systems are secret UAF false flags, since there are no black markets on the UAF planets. (Decides if the Iron Shell hates the UAF)",,,UAF
#uaf_pastriesContainDrugs,Pastries require Drugs,Boolean,TRUE,,Adds a drug requirement to the UAF pastry building.,,,UAF
#,,,,,"alpha, beta, gamma core beating on a neuko core for helping humans",,,UAF
#uaf_relocation,Relocate the UAF to the Deep Hyperspace,Boolean,TRUE,,"According to the UAF lore, they should have stumbled across a few systems bejond the border after getting chased around by the vanilla factions.
#There is also the rift they came throu that is in a lost place, guarded by secret aurora fleets and broken Tritachin reasearch stations",,,UAF
