id,type,text1,text2,text3,text4,notes
#,SHIP,,,,,
#,FACTION,,,,,
#,WEAPON,,,,,
#,ACTION_TOOLTIP,,,,,
#,CUSTOM,,,,,
#,RESOURCE,,,,,
#,ASTEROID,,,,,
#,PLANET,,,,,
#,SHIP_SYSTEM,,,,,
#,FACTION,,,,,
#,TERRAIN,,,,,
#,,,,,,
#,,,,,,
descriptionTextAbandonedStationNoMarket,CUSTOM,"The abandoned station looms ahead, a jagged silhouette against the starlit void. Its fractured hull is pocked with breaches, skeletal supports exposed where plating has crumbled away. Faint, erratic lights flicker along its surface, struggling against the dark, while slow streams of debris drift like frozen tears from its broken form. ",,,,
descriptionTextAbandonedStationBlackMarket,CUSTOM,"The abandoned station looms ahead, a jagged silhouette against the starlit void. Its fractured hull is pocked with breaches, skeletal supports exposed where plating has crumbled away. Faint, erratic lights flicker along its surface, struggling against the dark, while slow streams of debris drift like frozen tears from its broken form. A good place for undisturbed dealings.",,,,
