name,id,planetary,decivRemove,script,desc,icon,order
Random Core Access Bonus,spm_access_10,TRUE,,mllhild.spm.conditions.spm_AccessBonus10,,graphics/icons/markets/spm_accessbonus1.png,5004
Random Core Access Bonus,spm_access_20,TRUE,,mllhild.spm.conditions.spm_AccessBonus20,,graphics/icons/markets/spm_accessbonus2.png,5005
Random Core Access Bonus,spm_access_30,TRUE,,mllhild.spm.conditions.spm_AccessBonus30,,graphics/icons/markets/spm_accessbonus3.png,5006
Random Core Access Bonus,spm_access_40,TRUE,,mllhild.spm.conditions.spm_AccessBonus40,,graphics/icons/markets/spm_accessbonus4.png,5007
Random Core Access Bonus,spm_access_50,TRUE,,mllhild.spm.conditions.spm_AccessBonus50,,graphics/icons/markets/spm_accessbonus5.png,5008
Random Core Access Bonus,spm_access_60,TRUE,,mllhild.spm.conditions.spm_AccessBonus60,,graphics/icons/markets/spm_accessbonus6.png,5009
Random Core Access Bonus,spm_access_70,TRUE,,mllhild.spm.conditions.spm_AccessBonus70,,graphics/icons/markets/spm_accessbonus7.png,5010
Sector Tech Decay,spm_decay_lv1,TRUE,,mllhild.spm.conditions.spm_SectorDecayLv1,,graphics/icons/markets/spm_placeholder.png,5011
Sector Tech Decay,spm_decay_lv2,TRUE,,mllhild.spm.conditions.spm_SectorDecayLv2,,graphics/icons/markets/spm_placeholder.png,5012
Sector Tech Decay,spm_decay_lv3,TRUE,,mllhild.spm.conditions.spm_SectorDecayLv3,,graphics/icons/markets/spm_placeholder.png,5013
