id,trigger,conditions,script,text,options,notes
# This file is not required by the game and can be deleted if you aren't using it, but doesn't hurt to keep either.,,,,,
# Official rules.csv guide: https://fractalsoftworks.com/2023/11/13/you-merely-adopted-rules-csv-i-was-born-into-it/,,,,,,
flavorTextAbandonedStationMarketNoMarket,TradePanelFlavorText,"$tag:station
$market.isHidden
$abandonedStation == true score:1000","AddText ""The port concourse is a skeletal ruin, its walls fractured and bleeding atmosphere into the void. The readout flags the structure as critically unstable, its power grid barely clinging to life. Hardened systems flicker erratically, insufficient to sustain storage or support even the most desperate inhabitants."" marketFlavorTextColor",Second Playthrou Mod,,
flavorTextAbandonedStationMarketBlackMarket,TradePanelFlavorText,"$global.tradePanelMode == MARKET
$abandonedStation == true score:500","AddText "" The port concourse is dark and empty but for a few looted hulks. The atmosphere reads out as thin, but there is sufficient power from hardened passive collectors for some pirate scum to run basic life support and storage functions."" marketFlavorTextColor",Second Playthrou Mod,,
,,,,,,
debt_effectCheck,MarketPostDock,"$tradeMode != NONE
MarketCMD checkDebtEffect score:1000",,,,
#,,,,,,
orbitalStorageInteractionCargo2ndP,PopulateOptions,"$hasMarket
$menuState == main
$tradeMode != NONE
$faction.isNeutralFaction
!$inspectedCargo","SetShortcut marketOpenCargo ""I"" true",,10:marketOpenCargo: 1 Inspect the cargo storage areas,
orbitalStorageInteractionFleet2ndP,PopulateOptions,"$hasMarket
$menuState == main
$tradeMode != NONE
$faction.isNeutralFaction
!$inspectedShips","SetShortcut marketOpenFleet ""F"" true
$global.autoOpenBuyShipsTab = true 0",,11:marketOpenFleet: 2Inspect the starship docks,
Orbitalstorageinteractioncargo2ndpinspected,PopulateOptions,"$hasMarket
$menuState == main
$tradeMode != NONE
$faction.isNeutralFaction
$inspectedCargo","SetShortcut marketOpenCargo ""I"" true",,10:marketOpenCargo: 3 Inspect the cargo storage areas,
orbitalStorageInteractionFleet2ndPInspected,PopulateOptions,"$hasMarket
$menuState == main
$tradeMode != NONE
$faction.isNeutralFaction
$inspectedShips","SetShortcut marketOpenFleet ""F"" true
$global.autoOpenBuyShipsTab = true 0",,11:marketOpenFleet: 4 Inspect the starship docks,
#,,,,,,
abbandonedStationNoMarketIInspected,OpenInteractionDialog,"$tag:station
!$hasMarket
$abandonedStation == true 
$explored == true score:150","ShowDefaultVisual
$explored = false","Your $shipOrFleet approaches $entityName , its silhouette a jagged tangle against the backdrop of distant stars. 
Scanners sweep over the fractured hull, detecting sporadic energy surges and leaking radiation. The brittle structure groans under the faint pull of its orbit, shedding debris into a slow, shimmering cascade. 
As the ships draw closer, the station's hollow corridors yawn like a grave, offering no promise of safety or salvage. ",,
abbandonedStationNoMarket,OpenInteractionDialog,"$tag:station
!$hasMarket
$abandonedStation == true 
$explored == false score:150","ShowDefaultVisual
FireAll Spm_abbandonedStationNoMarket_AddOption_TryToInspect","Your $shipOrFleet approaches $entityName , its silhouette a jagged tangle against the backdrop of distant stars. 
Scanners sweep over the fractured hull, detecting sporadic energy surges and leaking radiation. The brittle structure groans under the faint pull of its orbit, shedding debris into a slow, shimmering cascade. 
As the ships draw closer, the station's hollow corridors yawn like a grave, offering no promise of safety or salvage. Your officers debates the risk—venturing inside might yield relics of the past, but one misstep could collapse the entire fragile husk. ",,
abbandonedStationNoMarket_AddOption_TryToInspect,Spm_abbandonedStationNoMarket_AddOption_TryToInspect,"$tag:station
!$hasMarket
$abandonedStation == true score:150",ShowDefaultVisual,,9:abbandonedStation_explore:Attempt to Inspect,
abbandonedStationNoMarket_TryToInspect,DialogOptionSelected,$option == abbandonedStation_explore,,"The boarding team docks cautiously, their shuttle’s clamps latching onto the fragile hull. Inside, the air is thin, and the corridors stretch into darkness, choked with debris and lit by flickering panels. Every step sends faint tremors through the decaying structure. ",9:abbandonedStation_explore_cont1:Continue,
abbandonedStationNoMarket_TryToInspect_cont1,DialogOptionSelected,$option == abbandonedStation_explore_cont1,,"The first chamber reveals gutted storage bays, their contents long looted, with wires and consoles crudely stripped. Scorch marks and crude carvings hint at past scavengers who left nothing of value behind. ",9:abbandonedStation_explore_end:Continue,
abbandonedStationNoMarket_TryToInspect_end,DialogOptionSelected,$option == abbandonedStation_explore_end,$explored = true,"""This place is a tomb,"" the survey team commander mutters. With no reason to linger, the team retreats, leaving the crumbling station to its slow drift into oblivion. ",4:abbandonedStation_explore_leave: LLLLeave,
abbandonedStationNoMarket_TryToInspect_Leave,DialogOptionSelected,$option == abbandonedStation_explore_leave,DismissDialog,,,
