name,id,designation,tech/manufacturer,system id,fleet pts,hitpoints,armor rating,max flux,8/6/5/4%,flux dissipation,ordnance points,fighter bays,max speed,acceleration,deceleration,max turn rate,turn acceleration,mass,shield type,defense id,shield arc,shield upkeep,shield efficiency,phase cost,phase upkeep,min crew,max crew,cargo,fuel,fuel/ly,range,max burn,base value,cr %/day,CR to deploy,peak CR sec,CR loss/sec,supplies/rec,supplies/mo,c/s,c/f,f/s,f/f,crew/s,crew/f,hints,tags,rarity,breakProb,minPieces,maxPieces,travel drive,number
# Add your ships here. Couple of ships left commented out as reference.
# See https://starsector.fandom.com/wiki/Ship_Data_CSV
#Onslaught,onslaught,Battleship,Low Tech,burndrive,28,20000,1750,17000,15000,600,360,,25,10,10,4,4,3500,FRONT,,180,0.4,1,,,750,1500,300,400,15,27,7,350000,3,12,720,0.25,40,40,,,,,,,,"rare_bp, merc",,0.4,2,4,,500
#,module_bastion_pd1,PD Bastion 1,,flarelauncher_active,1,3000,500,1250,3500,140,44,0,0,0,0,10,10,240,FRONT,,170,0.4,0.8,,,0,0,0,0,1,0,,500000,,1,,,0,0,,,,,,,"UNBOARDABLE, HIDE_IN_CODEX",,,0.5,2,2,,2050
